,predict price,100,real price,100
0,predict price,100.554068014,real price,98.8412803039,predict ratio,0.00554068,real ratio,-0.0115872
1,predict price,100.8632609,real price,99.2171932167,predict ratio,0.00307489,real ratio,0.0038032
2,predict price,101.685561577,real price,99.5190072403,predict ratio,0.00815263,real ratio,0.00304195
3,predict price,101.90569102,real price,98.7852085987,predict ratio,0.00216481,real ratio,-0.00737345
4,predict price,102.754992756,real price,100.133230734,predict ratio,0.00833419,real ratio,0.013646
5,predict price,102.50534699,real price,99.73718538,predict ratio,-0.00242952,real ratio,-0.00395518
6,predict price,103.395302277,real price,100.728851783,predict ratio,0.00868204,real ratio,0.0099428
7,predict price,104.13811914,real price,101.778476644,predict ratio,0.00718424,real ratio,0.0104203
8,predict price,104.67999073,real price,103.270819625,predict ratio,0.00520339,real ratio,0.0146627
9,predict price,105.277418683,real price,103.265401123,predict ratio,0.00570718,real ratio,-5.24689e-05
10,predict price,105.811676899,real price,103.494289701,predict ratio,0.00507477,real ratio,0.00221651
11,predict price,106.135276649,real price,104.653009411,predict ratio,0.00305826,real ratio,0.011196
12,predict price,106.754175805,real price,104.249877442,predict ratio,0.00583123,real ratio,-0.00385208
13,predict price,107.301987824,real price,104.15268953,predict ratio,0.00513153,real ratio,-0.000932259
14,predict price,107.21396075,real price,103.58523085,predict ratio,-0.000820368,real ratio,-0.00544833
15,predict price,107.633568883,real price,103.696672525,predict ratio,0.00391375,real ratio,0.00107585
16,predict price,107.909998452,real price,103.782436718,predict ratio,0.00256825,real ratio,0.000827068
17,predict price,108.86998979,real price,104.572077018,predict ratio,0.00889622,real ratio,0.00760861
18,predict price,109.072726773,real price,104.043249588,predict ratio,0.00186219,real ratio,-0.00505706
19,predict price,110.275881503,real price,105.189130539,predict ratio,0.0110308,real ratio,0.0110135
20,predict price,110.284366982,real price,105.051528198,predict ratio,7.69477e-05,real ratio,-0.00130814
21,predict price,111.171076067,real price,106.206831136,predict ratio,0.00804021,real ratio,0.0109975
22,predict price,111.382691809,real price,106.049568024,predict ratio,0.00190351,real ratio,-0.00148073
23,predict price,112.045557324,real price,105.400820321,predict ratio,0.00595124,real ratio,-0.0061174
24,predict price,112.122163573,real price,106.013513697,predict ratio,0.000683706,real ratio,0.00581298
25,predict price,112.768463722,real price,106.636583928,predict ratio,0.00576425,real ratio,0.00587727
26,predict price,113.211900844,real price,109.090072503,predict ratio,0.00393228,real ratio,0.0230079
27,predict price,112.549085481,real price,108.828074685,predict ratio,-0.00585464,real ratio,-0.00240167
28,predict price,113.63920717,real price,110.548834432,predict ratio,0.00968574,real ratio,0.0158117
29,predict price,114.274358601,real price,111.477710648,predict ratio,0.00558919,real ratio,0.00840241
30,predict price,114.804922817,real price,112.549492668,predict ratio,0.0046429,real ratio,0.00961432
31,predict price,114.934327421,real price,113.039205608,predict ratio,0.00112717,real ratio,0.00435109
32,predict price,115.528666211,real price,113.64954064,predict ratio,0.00517112,real ratio,0.00539932
33,predict price,116.158616466,real price,113.491092591,predict ratio,0.00545276,real ratio,-0.00139418
34,predict price,116.556320201,real price,114.5347122,predict ratio,0.0034238,real ratio,0.00919561
35,predict price,117.083092455,real price,114.543202337,predict ratio,0.00451947,real ratio,7.41272e-05
36,predict price,117.290169342,real price,114.356246752,predict ratio,0.00176863,real ratio,-0.00163218
37,predict price,117.853267048,real price,115.176867996,predict ratio,0.00480089,real ratio,0.00717601
38,predict price,118.153710817,real price,114.252811992,predict ratio,0.0025493,real ratio,-0.00802293
39,predict price,118.75713904,real price,113.534682139,predict ratio,0.00510715,real ratio,-0.00628545
40,predict price,117.766593989,real price,112.809362136,predict ratio,-0.00834093,real ratio,-0.00638853
41,predict price,118.75236607,real price,115.081796732,predict ratio,0.00837056,real ratio,0.020144
42,predict price,119.446034585,real price,116.97584521,predict ratio,0.0058413,real ratio,0.0164583
43,predict price,119.601505727,real price,116.506046103,predict ratio,0.0013016,real ratio,-0.00401621
44,predict price,120.427076457,real price,116.614657738,predict ratio,0.00690268,real ratio,0.00093224
45,predict price,121.917351202,real price,118.398667933,predict ratio,0.0123749,real ratio,0.0152983
46,predict price,122.336853409,real price,119.255815152,predict ratio,0.00344087,real ratio,0.0072395
47,predict price,122.983418771,real price,119.332974161,predict ratio,0.00528512,real ratio,0.000647004
48,predict price,123.48069294,real price,119.476225096,predict ratio,0.00404342,real ratio,0.00120043
49,predict price,124.104572866,real price,118.822415504,predict ratio,0.00505245,real ratio,-0.0054723
50,predict price,124.184872574,real price,119.300578195,predict ratio,0.000647033,real ratio,0.00402418
51,predict price,123.837353988,real price,117.938647424,predict ratio,-0.0027984,real ratio,-0.011416
52,predict price,124.820999706,real price,118.018406396,predict ratio,0.00794305,real ratio,0.000676275
53,predict price,126.256469803,real price,120.809291749,predict ratio,0.0115002,real ratio,0.0236479
54,predict price,125.99167925,real price,119.954272792,predict ratio,-0.00209724,real ratio,-0.00707743
55,predict price,126.221578765,real price,119.155797226,predict ratio,0.00182472,real ratio,-0.0066565
56,predict price,126.824557151,real price,118.787891287,predict ratio,0.00477714,real ratio,-0.0030876
57,predict price,127.860370105,real price,119.09783883,predict ratio,0.00816729,real ratio,0.00260925
58,predict price,128.470435008,real price,118.397137901,predict ratio,0.00477134,real ratio,-0.00588341
59,predict price,128.938253535,real price,115.682951363,predict ratio,0.00364145,real ratio,-0.0229244
60,predict price,129.078256627,real price,115.065897842,predict ratio,0.00108582,real ratio,-0.00533401
61,predict price,129.545665686,real price,112.361237003,predict ratio,0.00362113,real ratio,-0.0235053
62,predict price,128.319058504,real price,111.427298881,predict ratio,-0.00946853,real ratio,-0.00831192
63,predict price,129.648058865,real price,112.205388896,predict ratio,0.010357,real ratio,0.00698294
64,predict price,130.892993741,real price,113.538927206,predict ratio,0.00960242,real ratio,0.0118848
65,predict price,130.004727313,real price,111.567478199,predict ratio,-0.0067862,real ratio,-0.0173636
66,predict price,131.433755605,real price,111.497624386,predict ratio,0.0109921,real ratio,-0.000626113
67,predict price,133.189552458,real price,113.88373263,predict ratio,0.0133588,real ratio,0.0214005
68,predict price,132.741843858,real price,112.954499736,predict ratio,-0.00336144,real ratio,-0.00815949
69,predict price,133.217040778,real price,112.636200132,predict ratio,0.00357986,real ratio,-0.00281795
70,predict price,134.3336051,real price,112.410130109,predict ratio,0.00838154,real ratio,-0.00200708
71,predict price,133.794383214,real price,111.536853939,predict ratio,-0.00401405,real ratio,-0.00776866
72,predict price,135.176063876,real price,112.632070149,predict ratio,0.0103269,real ratio,0.00981932
73,predict price,136.001077718,real price,112.64173372,predict ratio,0.00610325,real ratio,8.57977e-05
74,predict price,137.053905827,real price,112.159440997,predict ratio,0.00774132,real ratio,-0.00428165
75,predict price,137.903800577,real price,110.502656333,predict ratio,0.00620117,real ratio,-0.0147717
76,predict price,138.915192568,real price,107.42668416,predict ratio,0.00733404,real ratio,-0.0278362
77,predict price,138.954981028,real price,108.163082754,predict ratio,0.000286423,real ratio,0.00685489
78,predict price,138.293868636,real price,106.553994678,predict ratio,-0.00475775,real ratio,-0.0148765
79,predict price,138.645498237,real price,106.136862061,predict ratio,0.00254263,real ratio,-0.00391475
80,predict price,139.661333357,real price,105.473147303,predict ratio,0.00732685,real ratio,-0.00625339
81,predict price,140.293023874,real price,105.715001183,predict ratio,0.00452302,real ratio,0.00229304
82,predict price,139.701795367,real price,104.853861935,predict ratio,-0.00421424,real ratio,-0.00814586
83,predict price,140.066273914,real price,103.680888518,predict ratio,0.00260898,real ratio,-0.0111867
84,predict price,140.8291929,real price,104.56936185,predict ratio,0.00544684,real ratio,0.00856931
85,predict price,139.89350783,real price,101.444266582,predict ratio,-0.00664411,real ratio,-0.0298854
86,predict price,140.949843901,real price,101.710267874,predict ratio,0.007551,real ratio,0.00262214
87,predict price,142.258733743,real price,102.834118199,predict ratio,0.00928621,real ratio,0.0110495
88,predict price,142.759691007,real price,100.799763912,predict ratio,0.00352145,real ratio,-0.0197829
89,predict price,143.421713452,real price,100.879637925,predict ratio,0.00463732,real ratio,0.000792403
90,predict price,144.22789401,real price,101.080018965,predict ratio,0.00562105,real ratio,0.00198634
91,predict price,144.248084995,real price,101.983459332,predict ratio,0.000139994,real ratio,0.00893787
92,predict price,145.35322578,real price,101.70203083,predict ratio,0.00766139,real ratio,-0.00275955
93,predict price,144.483331507,real price,100.636380548,predict ratio,-0.00598469,real ratio,-0.0104782
94,predict price,145.13417887,real price,99.4291244946,predict ratio,0.00450465,real ratio,-0.0119962
95,predict price,144.019829416,real price,97.7254485013,predict ratio,-0.00767806,real ratio,-0.0171346
96,predict price,144.986131767,real price,98.7429190107,predict ratio,0.00670951,real ratio,0.0104115
97,predict price,145.409455337,real price,100.527999138,predict ratio,0.00291975,real ratio,0.0180781
98,predict price,147.332228245,real price,101.778948376,predict ratio,0.0132232,real ratio,0.0124438
99,predict price,148.159059027,real price,99.6530664079,predict ratio,0.00561202,real ratio,-0.0208872
100,predict price,149.905177093,real price,101.60437137,predict ratio,0.0117854,real ratio,0.019581
101,predict price,149.068195425,real price,100.565572006,predict ratio,-0.00558341,real ratio,-0.010224
102,predict price,150.994472854,real price,101.167785012,predict ratio,0.0129221,real ratio,0.00598826
103,predict price,151.140329773,real price,100.944545018,predict ratio,0.000965975,real ratio,-0.00220663
104,predict price,152.760829668,real price,100.949618392,predict ratio,0.0107218,real ratio,5.0259e-05
105,predict price,154.033771346,real price,102.736688729,predict ratio,0.00833291,real ratio,0.0177026
106,predict price,153.972063549,real price,101.969205615,predict ratio,-0.000400612,real ratio,-0.00747039
107,predict price,155.735180781,real price,103.105296418,predict ratio,0.0114509,real ratio,0.0111415
108,predict price,156.29206183,real price,103.950663253,predict ratio,0.00357582,real ratio,0.00819906
109,predict price,155.173068229,real price,103.647664294,predict ratio,-0.00715963,real ratio,-0.00291483
110,predict price,156.073692205,real price,102.896908355,predict ratio,0.005804,real ratio,-0.00724335
111,predict price,155.414050207,real price,102.064863388,predict ratio,-0.00422648,real ratio,-0.0080862
112,predict price,156.363704082,real price,102.848256841,predict ratio,0.00611048,real ratio,0.00767545
113,predict price,157.443547084,real price,104.540152524,predict ratio,0.00690597,real ratio,0.0164504
114,predict price,157.123842239,real price,106.103051047,predict ratio,-0.0020306,real ratio,0.0149502
115,predict price,158.90851606,real price,106.064178185,predict ratio,0.0113584,real ratio,-0.000366369
116,predict price,159.289566413,real price,106.807628886,predict ratio,0.00239792,real ratio,0.00700944
117,predict price,160.231773635,real price,106.963246884,predict ratio,0.00591506,real ratio,0.00145699
118,predict price,159.985208821,real price,106.267619323,predict ratio,-0.0015388,real ratio,-0.00650343
119,predict price,159.702316462,real price,104.808385601,predict ratio,-0.00176824,real ratio,-0.0137317
120,predict price,160.485753054,real price,104.347191663,predict ratio,0.00490561,real ratio,-0.00440035
121,predict price,160.824773886,real price,104.267904365,predict ratio,0.00211247,real ratio,-0.000759841
122,predict price,161.147266747,real price,102.724793177,predict ratio,0.00200524,real ratio,-0.0147995
123,predict price,161.798843648,real price,102.773214569,predict ratio,0.00404336,real ratio,0.00047137
124,predict price,163.781265792,real price,103.13699049,predict ratio,0.0122524,real ratio,0.0035396
125,predict price,164.323374699,real price,102.80408048,predict ratio,0.00330996,real ratio,-0.00322784
126,predict price,165.867254565,real price,103.614681532,predict ratio,0.00939538,real ratio,0.00788491
127,predict price,166.347290953,real price,102.134130472,predict ratio,0.0028941,real ratio,-0.014289
128,predict price,166.395684247,real price,100.231016651,predict ratio,0.000290917,real ratio,-0.0186335
129,predict price,166.857825648,real price,99.9926945796,predict ratio,0.00277736,real ratio,-0.00237773
130,predict price,166.737136677,real price,98.5532596558,predict ratio,-0.000723304,real ratio,-0.0143954
131,predict price,168.38894089,real price,99.4626936654,predict ratio,0.00990664,real ratio,0.00922784
132,predict price,170.43052591,real price,100.918038898,predict ratio,0.0121242,real ratio,0.0146321
133,predict price,172.041468617,real price,101.728536425,predict ratio,0.0094522,real ratio,0.00803125
134,predict price,172.093358802,real price,102.430870946,predict ratio,0.000301614,real ratio,0.00690401
135,predict price,172.311425627,real price,101.804038801,predict ratio,0.00126714,real ratio,-0.00611956
136,predict price,172.950088928,real price,101.937511123,predict ratio,0.00370645,real ratio,0.00131107
137,predict price,172.362579889,real price,100.78221971,predict ratio,-0.00339699,real ratio,-0.0113333
138,predict price,175.054848185,real price,102.798776761,predict ratio,0.0156198,real ratio,0.0200091
139,predict price,175.243219233,real price,103.706094051,predict ratio,0.00107607,real ratio,0.00882615
140,predict price,176.045559223,real price,104.623201429,predict ratio,0.00457844,real ratio,0.00884333
141,predict price,176.214469317,real price,105.771072601,predict ratio,0.000959468,real ratio,0.0109715
142,predict price,176.395331482,real price,104.744306687,predict ratio,0.00102638,real ratio,-0.00970744
143,predict price,177.654625165,real price,104.670207805,predict ratio,0.00713904,real ratio,-0.000707426
144,predict price,178.220747717,real price,105.197136997,predict ratio,0.00318665,real ratio,0.00503419
145,predict price,178.928958791,real price,105.140121931,predict ratio,0.00397379,real ratio,-0.000541983
146,predict price,179.43639635,real price,107.115919572,predict ratio,0.00283597,real ratio,0.018792
147,predict price,180.351568713,real price,107.937484131,predict ratio,0.00510026,real ratio,0.00766986
148,predict price,181.142703626,real price,108.039503831,predict ratio,0.00438663,real ratio,0.000945174
149,predict price,181.891948788,real price,107.871748848,predict ratio,0.00413621,real ratio,-0.00155272
150,predict price,182.587971697,real price,107.575123241,predict ratio,0.00382657,real ratio,-0.0027498
151,predict price,183.079932822,real price,108.121494614,predict ratio,0.00269438,real ratio,0.00507898
152,predict price,182.595974065,real price,106.856751787,predict ratio,-0.00264343,real ratio,-0.0116974
153,predict price,184.61715981,real price,107.029096968,predict ratio,0.0110692,real ratio,0.00161286
154,predict price,185.258065374,real price,106.415345189,predict ratio,0.00347154,real ratio,-0.00573444
155,predict price,186.107146432,real price,106.845558179,predict ratio,0.00458323,real ratio,0.00404277
156,predict price,186.76452469,real price,105.832102705,predict ratio,0.00353226,real ratio,-0.00948524
157,predict price,186.808699728,real price,104.137262031,predict ratio,0.000236528,real ratio,-0.0160144
158,predict price,188.959420699,real price,103.378602698,predict ratio,0.011513,real ratio,-0.00728519
159,predict price,189.562547159,real price,102.251347188,predict ratio,0.00319183,real ratio,-0.0109041
160,predict price,191.079403344,real price,102.260182452,predict ratio,0.00800188,real ratio,8.64073e-05
161,predict price,193.853599507,real price,104.511173299,predict ratio,0.0145186,real ratio,0.0220124
162,predict price,193.926164766,real price,104.484310873,predict ratio,0.00037433,real ratio,-0.000257029
163,predict price,194.373185363,real price,103.754044054,predict ratio,0.00230511,real ratio,-0.00698925
164,predict price,196.01347438,real price,105.551491157,predict ratio,0.00843886,real ratio,0.0173241
165,predict price,196.302862206,real price,105.966046849,predict ratio,0.00147637,real ratio,0.00392752
166,predict price,198.224471159,real price,107.900843202,predict ratio,0.009789,real ratio,0.0182586
167,predict price,199.62515246,real price,107.481225637,predict ratio,0.00706614,real ratio,-0.00388892
168,predict price,200.515304292,real price,108.758692197,predict ratio,0.00445912,real ratio,0.0118855
169,predict price,201.085587792,real price,107.047837433,predict ratio,0.00284409,real ratio,-0.0157307
170,predict price,202.396319797,real price,107.319015647,predict ratio,0.00651828,real ratio,0.00253324
171,predict price,203.056446146,real price,106.839437921,predict ratio,0.00326155,real ratio,-0.00446871
172,predict price,203.688800978,real price,107.101550764,predict ratio,0.00311418,real ratio,0.00245333
173,predict price,203.740037424,real price,104.92407223,predict ratio,0.000251543,real ratio,-0.020331
174,predict price,204.664442092,real price,105.432629132,predict ratio,0.00453718,real ratio,0.0048469
175,predict price,205.768160515,real price,104.49361763,predict ratio,0.00539282,real ratio,-0.00890627
176,predict price,206.573339997,real price,103.62599003,predict ratio,0.00391304,real ratio,-0.00830316
177,predict price,208.738986927,real price,103.502767994,predict ratio,0.0104837,real ratio,-0.0011891
178,predict price,209.491695823,real price,103.041217466,predict ratio,0.00360598,real ratio,-0.00445931
179,predict price,211.064368933,real price,103.956783297,predict ratio,0.00750709,real ratio,0.00888543
180,predict price,212.070775538,real price,104.412800279,predict ratio,0.00476824,real ratio,0.0043866
181,predict price,213.400831554,real price,103.3088639,predict ratio,0.00627176,real ratio,-0.0105728
182,predict price,212.476737604,real price,101.266629299,predict ratio,-0.00433032,real ratio,-0.0197682
183,predict price,213.332355242,real price,100.68408852,predict ratio,0.00402688,real ratio,-0.00575254
184,predict price,214.537686365,real price,100.534947408,predict ratio,0.00565002,real ratio,-0.00148128
185,predict price,215.537651788,real price,101.051039613,predict ratio,0.00466102,real ratio,0.00513346
186,predict price,217.005050421,real price,102.504498157,predict ratio,0.00680808,real ratio,0.0143834
187,predict price,218.680156435,real price,103.744265303,predict ratio,0.0077192,real ratio,0.0120948
188,predict price,219.387473342,real price,105.821265754,predict ratio,0.00323448,real ratio,0.0200204
189,predict price,219.5418902,real price,106.054744526,predict ratio,0.000703854,real ratio,0.00220635
190,predict price,218.446464026,real price,106.149343979,predict ratio,-0.0049896,real ratio,0.000891987
191,predict price,219.622793816,real price,106.191046889,predict ratio,0.00538498,real ratio,0.00039287
192,predict price,217.688766142,real price,105.484812404,predict ratio,-0.00880613,real ratio,-0.0066506
193,predict price,218.807162935,real price,106.673454579,predict ratio,0.0051376,real ratio,0.0112684
194,predict price,219.486151134,real price,105.234594912,predict ratio,0.00310314,real ratio,-0.0134885
195,predict price,220.737224976,real price,105.178408147,predict ratio,0.00570001,real ratio,-0.000533919
196,predict price,221.938890164,real price,105.397288016,predict ratio,0.00544387,real ratio,0.00208103
197,predict price,224.053181186,real price,106.626563296,predict ratio,0.00952646,real ratio,0.0116633
198,predict price,223.240313602,real price,106.110827709,predict ratio,-0.00362801,real ratio,-0.00483684
199,predict price,224.048589821,real price,105.730439656,predict ratio,0.00362066,real ratio,-0.00358482
200,predict price,226.114446644,real price,105.703807316,predict ratio,0.00922057,real ratio,-0.000251889
201,predict price,223.562470612,real price,104.104750963,predict ratio,-0.0112862,real ratio,-0.0151277
202,predict price,224.00267206,real price,103.167614722,predict ratio,0.00196903,real ratio,-0.00900186
203,predict price,225.00006785,real price,102.21153089,predict ratio,0.00445261,real ratio,-0.00926729
204,predict price,226.431373173,real price,102.030223899,predict ratio,0.00636136,real ratio,-0.00177384
205,predict price,227.010275562,real price,102.073583422,predict ratio,0.00255664,real ratio,0.000424967
206,predict price,226.435642058,real price,104.01721519,predict ratio,-0.00253131,real ratio,0.0190415
207,predict price,226.599488024,real price,106.307792167,predict ratio,0.000723587,real ratio,0.0220211
208,predict price,226.650240365,real price,107.827929331,predict ratio,0.000223974,real ratio,0.0142994
209,predict price,228.811996686,real price,107.703522356,predict ratio,0.00953785,real ratio,-0.00115375
210,predict price,230.203196152,real price,108.644535623,predict ratio,0.0060801,real ratio,0.00873707
211,predict price,231.417580803,real price,110.605032621,predict ratio,0.00527527,real ratio,0.0180451
212,predict price,233.020542147,real price,111.00979818,predict ratio,0.00692671,real ratio,0.00365956
213,predict price,233.047977473,real price,109.655644293,predict ratio,0.000117738,real ratio,-0.0121985
214,predict price,235.451601936,real price,110.745683619,predict ratio,0.0103139,real ratio,0.00994057
215,predict price,236.599680363,real price,111.277329554,predict ratio,0.00487607,real ratio,0.0048006
216,predict price,237.558112367,real price,111.420695525,predict ratio,0.00405086,real ratio,0.00128837
217,predict price,238.102504351,real price,111.117708075,predict ratio,0.00229162,real ratio,-0.00271931
218,predict price,239.019187013,real price,111.546275936,predict ratio,0.00384995,real ratio,0.00385688
219,predict price,240.855805398,real price,112.445356154,predict ratio,0.00768398,real ratio,0.00806015
220,predict price,241.847455611,real price,112.2360133,predict ratio,0.00411719,real ratio,-0.00186173
221,predict price,243.540468262,real price,112.310940483,predict ratio,0.00700033,real ratio,0.000667586
222,predict price,244.641304964,real price,112.211635786,predict ratio,0.00452014,real ratio,-0.000884194
223,predict price,246.665239315,real price,112.872980672,predict ratio,0.00827307,real ratio,0.00589373
224,predict price,247.650828079,real price,114.772804189,predict ratio,0.00399565,real ratio,0.0168315
225,predict price,247.600515426,real price,114.711889182,predict ratio,-0.00020316,real ratio,-0.000530744
226,predict price,248.251025908,real price,115.787674711,predict ratio,0.00262726,real ratio,0.00937815
227,predict price,250.130445447,real price,116.896557911,predict ratio,0.00757064,real ratio,0.00957687
228,predict price,251.910626026,real price,119.693103262,predict ratio,0.00711701,real ratio,0.0239232
229,predict price,250.934106257,real price,118.266852236,predict ratio,-0.00387645,real ratio,-0.0119159
230,predict price,253.232588562,real price,117.097410563,predict ratio,0.0091597,real ratio,-0.00988816
231,predict price,253.316050885,real price,121.608354079,predict ratio,0.000329588,real ratio,0.038523
232,predict price,252.409268537,real price,122.458886382,predict ratio,-0.00357965,real ratio,0.00699403
233,predict price,251.473886614,real price,125.909712952,predict ratio,-0.00370581,real ratio,0.0281795
234,predict price,255.43517419,real price,124.860076564,predict ratio,0.0157523,real ratio,-0.00833642
235,predict price,256.452950813,real price,123.788651153,predict ratio,0.00398448,real ratio,-0.00858101
236,predict price,256.953266565,real price,124.619292585,predict ratio,0.00195091,real ratio,0.00671016
237,predict price,258.533599219,real price,125.491855488,predict ratio,0.00615027,real ratio,0.00700183
238,predict price,260.612495578,real price,127.246311253,predict ratio,0.00804111,real ratio,0.0139806
239,predict price,261.994387506,real price,128.159403665,predict ratio,0.00530248,real ratio,0.00717579
240,predict price,262.881626451,real price,124.876930304,predict ratio,0.00338648,real ratio,-0.0256124
241,predict price,265.06463242,real price,124.985300347,predict ratio,0.00830414,real ratio,0.000867815
242,predict price,267.518992356,real price,128.562524097,predict ratio,0.00925948,real ratio,0.0286212
243,predict price,267.417874016,real price,126.166752228,predict ratio,-0.000377986,real ratio,-0.0186351
244,predict price,269.586164459,real price,123.540446761,predict ratio,0.00810825,real ratio,-0.0208161
245,predict price,272.618110093,real price,125.117599067,predict ratio,0.0112467,real ratio,0.0127663
246,predict price,274.38584463,real price,128.719798703,predict ratio,0.00648429,real ratio,0.0287905
247,predict price,275.468710382,real price,127.51418772,predict ratio,0.00394651,real ratio,-0.00936617
248,predict price,276.792580626,real price,128.013794309,predict ratio,0.00480588,real ratio,0.00391805
249,predict price,278.431149499,real price,130.926256621,predict ratio,0.00591984,real ratio,0.0227512
250,predict price,278.20696657,real price,131.217348693,predict ratio,-0.000805165,real ratio,0.00222333
251,predict price,278.69917499,real price,131.837934,predict ratio,0.00176922,real ratio,0.00472945
252,predict price,281.805557196,real price,132.65089341,predict ratio,0.011146,real ratio,0.00616635
253,predict price,280.366573972,real price,130.136616335,predict ratio,-0.0051063,real ratio,-0.0189541
254,predict price,283.843712835,real price,135.047021981,predict ratio,0.0124021,real ratio,0.0377327
255,predict price,282.673071385,real price,133.790297588,predict ratio,-0.00412425,real ratio,-0.00930583
256,predict price,283.306248091,real price,131.388163874,predict ratio,0.00223996,real ratio,-0.0179545
257,predict price,285.831357768,real price,133.932248439,predict ratio,0.008913,real ratio,0.0193631
258,predict price,286.590624805,real price,132.545583521,predict ratio,0.00265635,real ratio,-0.0103535
259,predict price,288.246985498,real price,133.203753241,predict ratio,0.00577954,real ratio,0.00496561
260,predict price,288.370352657,real price,131.631662821,predict ratio,0.000427991,real ratio,-0.0118021
261,predict price,290.785144764,real price,133.970177831,predict ratio,0.00837393,real ratio,0.0177656
262,predict price,291.61653392,real price,135.100389924,predict ratio,0.00285912,real ratio,0.0084363
263,predict price,291.321461911,real price,133.225542084,predict ratio,-0.00101185,real ratio,-0.0138774
264,predict price,291.858558321,real price,134.130397438,predict ratio,0.00184366,real ratio,0.00679191
265,predict price,293.917425133,real price,137.388596817,predict ratio,0.00705433,real ratio,0.0242913
266,predict price,291.994597359,real price,134.282000429,predict ratio,-0.00654207,real ratio,-0.0226117
267,predict price,294.438357435,real price,132.575735996,predict ratio,0.0083692,real ratio,-0.0127066
268,predict price,298.512977681,real price,136.173345477,predict ratio,0.0138386,real ratio,0.0271363
269,predict price,298.167231549,real price,136.727252136,predict ratio,-0.00115823,real ratio,0.00406766
270,predict price,299.836747778,real price,137.268089988,predict ratio,0.00559926,real ratio,0.0039556
271,predict price,301.243239266,real price,137.635167631,predict ratio,0.00469086,real ratio,0.00267417
272,predict price,303.808457413,real price,140.566347184,predict ratio,0.00851544,real ratio,0.0212967
273,predict price,304.254497744,real price,140.98820807,predict ratio,0.00146816,real ratio,0.00300115
274,predict price,306.535721264,real price,144.70538119,predict ratio,0.00749775,real ratio,0.0263651
275,predict price,307.302990513,real price,145.476166016,predict ratio,0.00250303,real ratio,0.00532658
276,predict price,308.906223958,real price,145.072803974,predict ratio,0.00521711,real ratio,-0.0027727
277,predict price,310.414578721,real price,144.187517316,predict ratio,0.00488289,real ratio,-0.00610236
278,predict price,312.054553852,real price,145.854793875,predict ratio,0.00528318,real ratio,0.0115633
279,predict price,313.709795065,real price,147.97242736,predict ratio,0.00530433,real ratio,0.0145188
280,predict price,313.421032604,real price,143.963333933,predict ratio,-0.000920476,real ratio,-0.0270935
281,predict price,315.473278071,real price,146.880156124,predict ratio,0.00654789,real ratio,0.0202609
282,predict price,315.08984533,real price,148.852893592,predict ratio,-0.00121542,real ratio,0.0134309
283,predict price,315.376873457,real price,145.352241972,predict ratio,0.000910941,real ratio,-0.0235175
284,predict price,319.255155916,real price,147.801726994,predict ratio,0.0122973,real ratio,0.0168521
285,predict price,317.913887523,real price,146.920087212,predict ratio,-0.00420124,real ratio,-0.00596502
286,predict price,320.612529914,real price,147.181256725,predict ratio,0.0084886,real ratio,0.00177763
287,predict price,320.997100368,real price,145.321962714,predict ratio,0.00119949,real ratio,-0.0126327
288,predict price,323.83165953,real price,141.404638796,predict ratio,0.00883048,real ratio,-0.0269562
289,predict price,327.873588342,real price,145.631082127,predict ratio,0.0124816,real ratio,0.029889
290,predict price,325.479028756,real price,148.839341596,predict ratio,-0.0073033,real ratio,0.02203
291,predict price,327.676610021,real price,151.184805217,predict ratio,0.00675184,real ratio,0.0157584
292,predict price,328.511176583,real price,155.413365255,predict ratio,0.00254692,real ratio,0.0279695
293,predict price,329.29024306,real price,155.410535209,predict ratio,0.00237151,real ratio,-1.82098e-05
294,predict price,331.314762338,real price,156.538860615,predict ratio,0.00614813,real ratio,0.00726029
295,predict price,334.272789904,real price,159.613889234,predict ratio,0.00892815,real ratio,0.0196439
296,predict price,335.388739042,real price,158.859705077,predict ratio,0.00333844,real ratio,-0.00472505
297,predict price,336.463324935,real price,156.391962661,predict ratio,0.003204,real ratio,-0.0155341
298,predict price,335.422082795,real price,155.75323518,predict ratio,-0.00309467,real ratio,-0.00408415
299,predict price,338.989555833,real price,157.655163985,predict ratio,0.0106358,real ratio,0.0122112
300,predict price,336.924574536,real price,155.737094704,predict ratio,-0.00609158,real ratio,-0.0121662
301,predict price,338.554567949,real price,156.872840356,predict ratio,0.00483786,real ratio,0.00729271
302,predict price,340.060123931,real price,159.840189391,predict ratio,0.00444701,real ratio,0.0189156
303,predict price,340.041098471,real price,159.384057356,predict ratio,-5.59473e-05,real ratio,-0.00285368
304,predict price,343.669484169,real price,163.080844749,predict ratio,0.0106704,real ratio,0.0231942
305,predict price,342.867089909,real price,164.054138918,predict ratio,-0.00233478,real ratio,0.00596817
306,predict price,344.196220512,real price,163.559950804,predict ratio,0.00387652,real ratio,-0.00301235
307,predict price,345.046568438,real price,163.285827514,predict ratio,0.00247053,real ratio,-0.00167598
308,predict price,348.763709273,real price,161.320625378,predict ratio,0.0107729,real ratio,-0.0120354
309,predict price,351.004775883,real price,167.048235537,predict ratio,0.00642574,real ratio,0.0355045
310,predict price,353.092841148,real price,168.290476038,predict ratio,0.00594882,real ratio,0.00743642
311,predict price,354.914603293,real price,167.180649457,predict ratio,0.00515944,real ratio,-0.00659471
312,predict price,356.652180251,real price,172.081978124,predict ratio,0.00489576,real ratio,0.0293176
313,predict price,357.228327297,real price,174.139651445,predict ratio,0.00161543,real ratio,0.0119575
314,predict price,357.611181833,real price,173.859396396,predict ratio,0.00107174,real ratio,-0.00160937
315,predict price,360.943398723,real price,177.836565417,predict ratio,0.00931799,real ratio,0.0228758
316,predict price,360.960115026,real price,177.143998019,predict ratio,4.63128e-05,real ratio,-0.0038944
317,predict price,362.301034495,real price,178.332398634,predict ratio,0.00371487,real ratio,0.00670867
318,predict price,364.768419997,real price,180.955759028,predict ratio,0.00681032,real ratio,0.0147105
319,predict price,364.82037055,real price,181.193839509,predict ratio,0.000142421,real ratio,0.00131568
320,predict price,367.169309746,real price,184.09463634,predict ratio,0.00643862,real ratio,0.0160094
321,predict price,367.256522482,real price,170.626403022,predict ratio,0.000237527,real ratio,-0.0731593
322,predict price,373.833245372,real price,172.139821718,predict ratio,0.0179077,real ratio,0.00886978
323,predict price,374.615671518,real price,168.600182246,predict ratio,0.00209298,real ratio,-0.0205626
324,predict price,379.41448649,real price,168.77075578,predict ratio,0.01281,real ratio,0.0010117
325,predict price,379.002828443,real price,160.083573542,predict ratio,-0.00108498,real ratio,-0.0514733
326,predict price,385.774158125,real price,162.268944083,predict ratio,0.0178662,real ratio,0.0136514
327,predict price,382.885062588,real price,156.228924438,predict ratio,-0.00748909,real ratio,-0.0372223
328,predict price,388.611115482,real price,159.432467194,predict ratio,0.014955,real ratio,0.0205054
329,predict price,387.974895158,real price,153.319764267,predict ratio,-0.00163716,real ratio,-0.0383404
330,predict price,389.40428288,real price,152.013905296,predict ratio,0.00368423,real ratio,-0.00851723
331,predict price,392.494735577,real price,151.701852491,predict ratio,0.00793636,real ratio,-0.00205279
332,predict price,396.597284455,real price,159.202049188,predict ratio,0.0104525,real ratio,0.0494404
333,predict price,395.255589412,real price,156.886266463,predict ratio,-0.00338302,real ratio,-0.0145462
334,predict price,395.317245336,real price,156.552884773,predict ratio,0.00015599,real ratio,-0.00212499
335,predict price,394.63218359,real price,146.610969117,predict ratio,-0.00173294,real ratio,-0.0635052
336,predict price,403.218590417,real price,149.45167928,predict ratio,0.021758,real ratio,0.0193758
337,predict price,402.12605593,real price,153.534756694,predict ratio,-0.00270953,real ratio,0.0273204
338,predict price,403.35244806,real price,153.230354223,predict ratio,0.00304977,real ratio,-0.00198263
339,predict price,407.560059753,real price,156.033364957,predict ratio,0.0104316,real ratio,0.0182928
340,predict price,404.138254708,real price,153.316348472,predict ratio,-0.00839583,real ratio,-0.017413
341,predict price,403.046432884,real price,155.855601237,predict ratio,-0.0027016,real ratio,0.0165622
342,predict price,402.975271703,real price,153.884163754,predict ratio,-0.000176558,real ratio,-0.0126491
343,predict price,403.356806904,real price,152.783402494,predict ratio,0.000946796,real ratio,-0.00715318
344,predict price,407.288628269,real price,151.189166446,predict ratio,0.00974775,real ratio,-0.0104346
345,predict price,411.644178904,real price,155.660282122,predict ratio,0.010694,real ratio,0.029573
346,predict price,412.951610642,real price,161.123662572,predict ratio,0.00317612,real ratio,0.0350981
347,predict price,410.43526839,real price,163.187341153,predict ratio,-0.00609355,real ratio,0.012808
348,predict price,412.276763171,real price,166.088137951,predict ratio,0.00448669,real ratio,0.0177759
349,predict price,411.888639127,real price,165.579454488,predict ratio,-0.000941416,real ratio,-0.00306273
350,predict price,413.479846775,real price,168.576495813,predict ratio,0.0038632,real ratio,0.0181003
351,predict price,415.330458032,real price,166.213004888,predict ratio,0.0044757,real ratio,-0.0140203
352,predict price,420.145129526,real price,170.49587644,predict ratio,0.0115924,real ratio,0.0257674
353,predict price,420.35038612,real price,169.83263334,predict ratio,0.000488537,real ratio,-0.00389008
354,predict price,422.022691469,real price,170.492103024,predict ratio,0.00397836,real ratio,0.00388306
355,predict price,426.010552693,real price,170.888746574,predict ratio,0.0094494,real ratio,0.00232646
356,predict price,428.113523033,real price,171.982789355,predict ratio,0.00493643,real ratio,0.00640208
357,predict price,429.390321381,real price,172.170331648,predict ratio,0.00298238,real ratio,0.00109047
358,predict price,431.669300622,real price,174.449358261,predict ratio,0.00530748,real ratio,0.013237
359,predict price,434.025319553,real price,171.874292773,predict ratio,0.00545793,real ratio,-0.0147611
360,predict price,437.430096357,real price,172.676886844,predict ratio,0.00784465,real ratio,0.00466966
361,predict price,438.434659422,real price,174.096062686,predict ratio,0.00229651,real ratio,0.00821868
362,predict price,440.084329601,real price,173.539682577,predict ratio,0.00376264,real ratio,-0.00319582
363,predict price,442.59215598,real price,171.556453236,predict ratio,0.00569851,real ratio,-0.0114281
364,predict price,445.13680429,real price,166.456158558,predict ratio,0.00574942,real ratio,-0.0297295
365,predict price,449.212227658,real price,160.932933271,predict ratio,0.00915544,real ratio,-0.0331813
366,predict price,453.788357657,real price,163.391380266,predict ratio,0.010187,real ratio,0.0152762
367,predict price,454.262530904,real price,161.017639152,predict ratio,0.00104492,real ratio,-0.0145279
368,predict price,457.55898911,real price,164.992910087,predict ratio,0.00725672,real ratio,0.0246884
369,predict price,459.394868246,real price,170.416474474,predict ratio,0.00401233,real ratio,0.0328715
370,predict price,458.428736475,real price,167.964746082,predict ratio,-0.00210305,real ratio,-0.0143867
371,predict price,460.812542216,real price,169.649566624,predict ratio,0.00519995,real ratio,0.0100308
372,predict price,459.613893468,real price,162.862679728,predict ratio,-0.00260116,real ratio,-0.0400053
373,predict price,464.405642038,real price,160.278295742,predict ratio,0.0104256,real ratio,-0.0158685
374,predict price,468.5767341,real price,160.39175067,predict ratio,0.00898157,real ratio,0.000707862
375,predict price,469.260675,real price,159.263655326,predict ratio,0.00145961,real ratio,-0.00703338
376,predict price,471.732699623,real price,163.358156253,predict ratio,0.00526791,real ratio,0.0257089
377,predict price,472.58756047,real price,165.515847526,predict ratio,0.00181217,real ratio,0.0132083
378,predict price,471.416950739,real price,162.014494234,predict ratio,-0.00247702,real ratio,-0.0211542
379,predict price,471.380273233,real price,160.803119574,predict ratio,-7.78027e-05,real ratio,-0.00747695
380,predict price,474.083125303,real price,162.075627733,predict ratio,0.00573391,real ratio,0.00791345
381,predict price,474.505674671,real price,157.814085068,predict ratio,0.000891298,real ratio,-0.0262935
382,predict price,478.821908375,real price,158.143348237,predict ratio,0.00909627,real ratio,0.0020864
383,predict price,479.007055445,real price,157.446420696,predict ratio,0.000386672,real ratio,-0.00440694
384,predict price,483.271437799,real price,160.926100042,predict ratio,0.00890255,real ratio,0.0221007
385,predict price,483.88015426,real price,160.640196387,predict ratio,0.00125957,real ratio,-0.00177661
386,predict price,485.136009813,real price,159.533901606,predict ratio,0.00259539,real ratio,-0.00688679
387,predict price,482.550806847,real price,157.13176795,predict ratio,-0.00532882,real ratio,-0.0150572
388,predict price,486.490173555,real price,158.560135791,predict ratio,0.00816363,real ratio,0.00909026
389,predict price,488.069934146,real price,157.725502402,predict ratio,0.00324726,real ratio,-0.00526383
390,predict price,489.612802342,real price,164.670964111,predict ratio,0.00316116,real ratio,0.0440351
391,predict price,488.746176751,real price,165.559552499,predict ratio,-0.00177002,real ratio,0.00539614
392,predict price,491.940170878,real price,165.68854967,predict ratio,0.00653508,real ratio,0.000779159
393,predict price,494.025503617,real price,163.285231108,predict ratio,0.004239,real ratio,-0.014505
394,predict price,496.787322982,real price,167.342630908,predict ratio,0.00559044,real ratio,0.0248485
395,predict price,499.905114793,real price,169.912277886,predict ratio,0.00627591,real ratio,0.0153556
396,predict price,503.86630742,real price,169.93242183,predict ratio,0.00792389,real ratio,0.000118555
397,predict price,508.168003691,real price,169.487115296,predict ratio,0.00853738,real ratio,-0.00262049
398,predict price,509.240466649,real price,169.692098046,predict ratio,0.00211045,real ratio,0.00120943
399,predict price,512.425837805,real price,168.596525201,predict ratio,0.00625514,real ratio,-0.00645624
400,predict price,519.367627445,real price,170.878266789,predict ratio,0.0135469,real ratio,0.0135337
401,predict price,521.795946799,real price,173.950810804,predict ratio,0.00467553,real ratio,0.0179809
402,predict price,523.40904551,real price,173.670912381,predict ratio,0.00309144,real ratio,-0.00160907
403,predict price,522.226129623,real price,173.55535218,predict ratio,-0.00226002,real ratio,-0.000665398
404,predict price,521.481538193,real price,172.235009299,predict ratio,-0.0014258,real ratio,-0.00760762
405,predict price,523.652226299,real price,174.338860678,predict ratio,0.00416254,real ratio,0.012215
406,predict price,525.325798883,real price,173.878840204,predict ratio,0.00319596,real ratio,-0.00263866
407,predict price,526.416040583,real price,170.294426322,predict ratio,0.00207536,real ratio,-0.0206144
408,predict price,528.481896704,real price,170.635113205,predict ratio,0.00392438,real ratio,0.00200058
409,predict price,531.786506,real price,166.933378759,predict ratio,0.00625302,real ratio,-0.0216939
410,predict price,534.885394555,real price,166.777404127,predict ratio,0.00582732,real ratio,-0.000934353
411,predict price,534.911922084,real price,165.211318905,predict ratio,4.95948e-05,real ratio,-0.00939027
412,predict price,539.317879295,real price,163.197005008,predict ratio,0.00823679,real ratio,-0.0121923
413,predict price,540.133018706,real price,163.683416265,predict ratio,0.00151143,real ratio,0.00298052
414,predict price,538.852392427,real price,165.370710237,predict ratio,-0.00237095,real ratio,0.0103083
415,predict price,540.116673471,real price,167.218695599,predict ratio,0.00234625,real ratio,0.0111748
416,predict price,546.760674236,real price,169.692926332,predict ratio,0.012301,real ratio,0.0147964
417,predict price,549.927271895,real price,170.126441011,predict ratio,0.00579156,real ratio,0.0025547
418,predict price,550.958432177,real price,170.428013457,predict ratio,0.00187508,real ratio,0.00177264
419,predict price,556.698172258,real price,171.834235663,predict ratio,0.0104177,real ratio,0.00825112
420,predict price,558.296329432,real price,171.540083458,predict ratio,0.00287078,real ratio,-0.00171184
421,predict price,561.516895235,real price,173.095446642,predict ratio,0.00576856,real ratio,0.00906705
422,predict price,562.896050847,real price,173.327280317,predict ratio,0.00245612,real ratio,0.00133934
423,predict price,567.181940724,real price,169.943960604,predict ratio,0.007614,real ratio,-0.0195198
424,predict price,570.719986809,real price,170.655026823,predict ratio,0.00623794,real ratio,0.00418412
425,predict price,574.86663142,real price,165.963857891,predict ratio,0.00726564,real ratio,-0.0274892
426,predict price,581.940901164,real price,169.590435144,predict ratio,0.0123059,real ratio,0.0218516
427,predict price,581.445055016,real price,168.765108695,predict ratio,-0.000852056,real ratio,-0.00486659
428,predict price,587.000086098,real price,170.842799431,predict ratio,0.00955384,real ratio,0.0123111
429,predict price,586.58782986,real price,168.788197652,predict ratio,-0.00070231,real ratio,-0.0120263
430,predict price,588.171003544,real price,167.299513083,predict ratio,0.00269895,real ratio,-0.00881984
431,predict price,593.605157782,real price,167.579883182,predict ratio,0.00923907,real ratio,0.00167586
432,predict price,595.789619283,real price,168.89856953,predict ratio,0.00367999,real ratio,0.007869
433,predict price,600.238482911,real price,167.616052642,predict ratio,0.00746717,real ratio,-0.00759341
434,predict price,600.389328812,real price,165.947476027,predict ratio,0.00025131,real ratio,-0.00995475
435,predict price,606.81860391,real price,168.103752362,predict ratio,0.0107085,real ratio,0.0129937
436,predict price,608.472848949,real price,171.859798209,predict ratio,0.00272609,real ratio,0.0223436
437,predict price,607.943238082,real price,171.606290532,predict ratio,-0.000870394,real ratio,-0.00147508
438,predict price,611.344464494,real price,175.249364715,predict ratio,0.00559464,real ratio,0.0212293
439,predict price,613.058978368,real price,178.659892009,predict ratio,0.0028045,real ratio,0.019461
440,predict price,615.190339882,real price,178.640806457,predict ratio,0.0034766,real ratio,-0.000106826
441,predict price,618.353043322,real price,178.196213187,predict ratio,0.00514102,real ratio,-0.00248876
442,predict price,621.495850986,real price,177.601546943,predict ratio,0.00508255,real ratio,-0.00333714
443,predict price,622.303150001,real price,181.012189189,predict ratio,0.00129896,real ratio,0.0192039
444,predict price,625.044747327,real price,181.20208987,predict ratio,0.00440557,real ratio,0.0010491
445,predict price,629.042669917,real price,183.998865308,predict ratio,0.00639622,real ratio,0.0154346
446,predict price,630.303988137,real price,182.77500855,predict ratio,0.00200514,real ratio,-0.00665144
447,predict price,634.011069657,real price,182.002095453,predict ratio,0.00588142,real ratio,-0.00422877
448,predict price,638.599805402,real price,184.502360375,predict ratio,0.00723763,real ratio,0.0137376
449,predict price,640.162812258,real price,184.422256277,predict ratio,0.00244755,real ratio,-0.000434163
450,predict price,641.121858276,real price,185.536558032,predict ratio,0.00149813,real ratio,0.00604212
451,predict price,639.769708098,real price,181.510978997,predict ratio,-0.00210904,real ratio,-0.021697
452,predict price,645.028686722,real price,178.796194249,predict ratio,0.00822011,real ratio,-0.0149566
453,predict price,648.683599976,real price,180.237757472,predict ratio,0.00566628,real ratio,0.00806261
454,predict price,654.997337636,real price,184.364999719,predict ratio,0.00973315,real ratio,0.0228989
455,predict price,655.688701664,real price,183.906739401,predict ratio,0.00105552,real ratio,-0.00248561
456,predict price,657.653906807,real price,182.772880421,predict ratio,0.00299716,real ratio,-0.0061654
457,predict price,658.000715847,real price,180.732060772,predict ratio,0.000527343,real ratio,-0.0111659
458,predict price,660.513793378,real price,181.454079112,predict ratio,0.00381926,real ratio,0.00399497
459,predict price,662.927673334,real price,178.506632367,predict ratio,0.00365455,real ratio,-0.0162435
460,predict price,670.709614425,real price,179.987655194,predict ratio,0.0117387,real ratio,0.00829674
461,predict price,671.649995505,real price,183.62978589,predict ratio,0.00140207,real ratio,0.0202354
462,predict price,677.945325803,real price,186.827208495,predict ratio,0.00937293,real ratio,0.0174123
463,predict price,679.160707452,real price,186.959150746,predict ratio,0.00179274,real ratio,0.000706226
464,predict price,682.557567851,real price,190.593631229,predict ratio,0.00500156,real ratio,0.01944
465,predict price,689.428080957,real price,191.917379354,predict ratio,0.0100658,real ratio,0.0069454
466,predict price,692.194357795,real price,187.412222419,predict ratio,0.00401242,real ratio,-0.0234745
467,predict price,695.781673748,real price,186.298864035,predict ratio,0.00518253,real ratio,-0.00594069
468,predict price,701.764371213,real price,189.91637569,predict ratio,0.00859853,real ratio,0.0194178
469,predict price,700.346361766,real price,187.075895589,predict ratio,-0.00202063,real ratio,-0.0149565
470,predict price,705.044421706,real price,187.449680213,predict ratio,0.00670819,real ratio,0.00199804
471,predict price,707.544051881,real price,181.68132213,predict ratio,0.00354535,real ratio,-0.0307728
472,predict price,714.128795915,real price,186.232426949,predict ratio,0.00930648,real ratio,0.0250499
473,predict price,716.221860005,real price,185.507578591,predict ratio,0.00293093,real ratio,-0.00389217
474,predict price,718.138288855,real price,185.357494129,predict ratio,0.00267575,real ratio,-0.000809048
475,predict price,722.123449981,real price,186.081985833,predict ratio,0.00554929,real ratio,0.00390862
476,predict price,723.328947668,real price,186.376494662,predict ratio,0.00166938,real ratio,0.00158268
477,predict price,724.918940207,real price,184.903122186,predict ratio,0.00219816,real ratio,-0.00790536
478,predict price,725.301632809,real price,181.318006314,predict ratio,0.000527911,real ratio,-0.0193892
479,predict price,720.781845552,real price,176.772803204,predict ratio,-0.0062316,real ratio,-0.0250676
480,predict price,727.204928998,real price,176.471575897,predict ratio,0.00891127,real ratio,-0.00170404
481,predict price,732.889370163,real price,181.227893421,predict ratio,0.00781684,real ratio,0.0269523
482,predict price,725.490342588,real price,176.788460295,predict ratio,-0.0100957,real ratio,-0.0244964
483,predict price,734.960976106,real price,175.698432469,predict ratio,0.0130541,real ratio,-0.00616572
484,predict price,733.656093694,real price,172.218511445,predict ratio,-0.00177544,real ratio,-0.0198062
485,predict price,730.636803427,real price,165.024719031,predict ratio,-0.0041154,real ratio,-0.0417713
486,predict price,742.372339955,real price,167.049881379,predict ratio,0.0160621,real ratio,0.0122719
487,predict price,743.177599698,real price,166.752312421,predict ratio,0.00108471,real ratio,-0.00178132
488,predict price,752.034847046,real price,170.372297487,predict ratio,0.0119181,real ratio,0.0217088
489,predict price,755.664366798,real price,173.38723941,predict ratio,0.00482627,real ratio,0.0176962
490,predict price,756.24570954,real price,174.349926604,predict ratio,0.000769313,real ratio,0.00555224
491,predict price,763.012707542,real price,171.224371006,predict ratio,0.00894815,real ratio,-0.0179269
492,predict price,771.19853648,real price,168.612549339,predict ratio,0.0107283,real ratio,-0.0152538
493,predict price,780.027709028,real price,174.858609984,predict ratio,0.0114486,real ratio,0.0370439
494,predict price,777.445500167,real price,173.954939587,predict ratio,-0.00331041,real ratio,-0.00516801
495,predict price,779.181382113,real price,170.216437616,predict ratio,0.0022328,real ratio,-0.0214912
496,predict price,788.232464055,real price,175.122839546,predict ratio,0.0116161,real ratio,0.0288245
497,predict price,786.832828561,real price,174.793104703,predict ratio,-0.00177566,real ratio,-0.00188288
498,predict price,792.569283297,real price,177.31315682,predict ratio,0.00729056,real ratio,0.0144173
499,predict price,792.507659136,real price,176.363308313,predict ratio,-7.77524e-05,real ratio,-0.0053569
500,predict price,796.674365109,real price,175.799507973,predict ratio,0.00525762,real ratio,-0.00319681
501,predict price,802.210070984,real price,174.833047341,predict ratio,0.00694852,real ratio,-0.00549752
502,predict price,809.153729238,real price,172.608447381,predict ratio,0.00865566,real ratio,-0.0127241
503,predict price,807.425544571,real price,173.424236802,predict ratio,-0.00213579,real ratio,0.00472624
504,predict price,817.103302404,real price,175.499339049,predict ratio,0.0119859,real ratio,0.0119655
505,predict price,817.82343406,real price,178.292697858,predict ratio,0.000881323,real ratio,0.0159166
506,predict price,821.677610289,real price,179.933940343,predict ratio,0.00471272,real ratio,0.00920533
507,predict price,823.703722386,real price,178.120582699,predict ratio,0.00246582,real ratio,-0.0100779
508,predict price,828.143647751,real price,179.345394273,predict ratio,0.0053902,real ratio,0.00687631
509,predict price,828.466880366,real price,174.707225329,predict ratio,0.00039031,real ratio,-0.0258617
510,predict price,836.15252294,real price,174.537480103,predict ratio,0.00927695,real ratio,-0.000971598
511,predict price,831.938710436,real price,168.784894221,predict ratio,-0.00503953,real ratio,-0.032959
512,predict price,839.51855845,real price,168.195991617,predict ratio,0.00911107,real ratio,-0.00348907
513,predict price,849.667733714,real price,169.7698422,predict ratio,0.0120893,real ratio,0.00935724
514,predict price,853.431433157,real price,170.373585274,predict ratio,0.00442961,real ratio,0.00355624
515,predict price,853.833703461,real price,167.566455863,predict ratio,0.000471356,real ratio,-0.0164763
516,predict price,863.18577646,real price,170.524141267,predict ratio,0.010953,real ratio,0.0176508
517,predict price,861.034102217,real price,169.910274419,predict ratio,-0.00249271,real ratio,-0.00359988
518,predict price,868.210142969,real price,170.546056843,predict ratio,0.00833421,real ratio,0.00374187
519,predict price,869.032568819,real price,172.262801692,predict ratio,0.000947266,real ratio,0.0100662
520,predict price,869.614669274,real price,173.124424032,predict ratio,0.000669826,real ratio,0.00500179
521,predict price,875.455600235,real price,174.677072282,predict ratio,0.00671669,real ratio,0.0089684
522,predict price,881.325129763,real price,174.254866287,predict ratio,0.00670454,real ratio,-0.00241707
523,predict price,889.21640639,real price,176.072929065,predict ratio,0.00895388,real ratio,0.0104334
524,predict price,892.258824175,real price,177.552065094,predict ratio,0.00342146,real ratio,0.0084007
525,predict price,893.652881696,real price,177.456522288,predict ratio,0.00156239,real ratio,-0.000538111
526,predict price,892.44484023,real price,174.453475619,predict ratio,-0.0013518,real ratio,-0.0169227
527,predict price,894.120522382,real price,172.074200969,predict ratio,0.00187763,real ratio,-0.0136384
528,predict price,899.358643795,real price,168.455400804,predict ratio,0.00585841,real ratio,-0.0210305
529,predict price,912.061144638,real price,168.460462675,predict ratio,0.014124,real ratio,3.00487e-05
530,predict price,907.892996442,real price,164.454314503,predict ratio,-0.00457003,real ratio,-0.0237809
531,predict price,912.141800602,real price,163.86659683,predict ratio,0.00467985,real ratio,-0.00357374
532,predict price,919.873545454,real price,164.887357523,predict ratio,0.00847647,real ratio,0.00622922
533,predict price,924.17839881,real price,169.845355952,predict ratio,0.00467983,real ratio,0.030069
534,predict price,927.648860366,real price,169.843595802,predict ratio,0.00375519,real ratio,-1.03633e-05
535,predict price,931.782620435,real price,169.504784116,predict ratio,0.00445617,real ratio,-0.00199485
536,predict price,939.959459402,real price,171.360189638,predict ratio,0.00877548,real ratio,0.010946
537,predict price,940.988944106,real price,169.69586967,predict ratio,0.00109524,real ratio,-0.00971241
538,predict price,946.319078211,real price,169.981773315,predict ratio,0.0056644,real ratio,0.0016848
539,predict price,944.911112153,real price,168.320398468,predict ratio,-0.00148783,real ratio,-0.00977384
540,predict price,954.965725835,real price,168.507469087,predict ratio,0.0106408,real ratio,0.0011114
541,predict price,962.800774332,real price,170.314568401,predict ratio,0.00820453,real ratio,0.0107241
542,predict price,962.196164916,real price,165.318996839,predict ratio,-0.000627969,real ratio,-0.0293314
543,predict price,972.779560975,real price,166.854331096,predict ratio,0.0109992,real ratio,0.0092871
544,predict price,975.428190589,real price,167.276180478,predict ratio,0.00272274,real ratio,0.00252825
545,predict price,978.790605964,real price,166.686334509,predict ratio,0.00344712,real ratio,-0.00352618
546,predict price,987.730218635,real price,169.936780194,predict ratio,0.00913332,real ratio,0.0195004
547,predict price,987.846186175,real price,169.704935025,predict ratio,0.000117408,real ratio,-0.0013643
548,predict price,988.218657853,real price,168.437960331,predict ratio,0.000377054,real ratio,-0.00746575
549,predict price,987.845947255,real price,166.062804175,predict ratio,-0.000377154,real ratio,-0.0141011
550,predict price,996.385393324,real price,165.000812276,predict ratio,0.00864451,real ratio,-0.00639512
551,predict price,1002.6298742,real price,165.81141331,predict ratio,0.00626713,real ratio,0.00491271
552,predict price,1001.12618686,real price,165.421718313,predict ratio,-0.00149974,real ratio,-0.00235023
553,predict price,1010.40555093,real price,168.904227648,predict ratio,0.00926893,real ratio,0.0210523
554,predict price,1010.61034558,real price,170.36946658,predict ratio,0.000202686,real ratio,0.00867497
555,predict price,1014.9524294,real price,172.423366544,predict ratio,0.0042965,real ratio,0.0120556
556,predict price,1019.75545435,real price,172.828971937,predict ratio,0.00473227,real ratio,0.00235238
557,predict price,1021.46461359,real price,172.955840817,predict ratio,0.00167605,real ratio,0.000734072
558,predict price,1027.4439862,real price,172.374600026,predict ratio,0.00585372,real ratio,-0.00336063
559,predict price,1033.96833198,real price,175.95040898,predict ratio,0.00635007,real ratio,0.0207444
560,predict price,1034.90869325,real price,177.108771976,predict ratio,0.000909468,real ratio,0.00658346
561,predict price,1037.51359875,real price,177.505887216,predict ratio,0.00251704,real ratio,0.00224221
562,predict price,1042.30279799,real price,177.640302888,predict ratio,0.00461604,real ratio,0.000757246
563,predict price,1049.18348745,real price,177.615212116,predict ratio,0.00660143,real ratio,-0.000141245
564,predict price,1057.04893371,real price,178.166058648,predict ratio,0.00749673,real ratio,0.00310135
565,predict price,1060.38124591,real price,176.644034693,predict ratio,0.00315247,real ratio,-0.00854273
566,predict price,1066.40109905,real price,177.52379926,predict ratio,0.00567706,real ratio,0.00498044
567,predict price,1064.66835067,real price,176.393472113,predict ratio,-0.00162486,real ratio,-0.00636719
568,predict price,1066.03752112,real price,177.857882731,predict ratio,0.00128601,real ratio,0.00830195
569,predict price,1069.80853781,real price,175.919427911,predict ratio,0.00353741,real ratio,-0.0108989
570,predict price,1077.34450886,real price,176.42220971,predict ratio,0.00704422,real ratio,0.00285802
571,predict price,1082.26254799,real price,178.069457407,predict ratio,0.00456496,real ratio,0.00933696
572,predict price,1087.7318673,real price,180.959888918,predict ratio,0.0050536,real ratio,0.016232
573,predict price,1089.29085953,real price,180.821584814,predict ratio,0.00143325,real ratio,-0.00076428
574,predict price,1094.71003127,real price,181.055546761,predict ratio,0.00497495,real ratio,0.00129388
575,predict price,1098.34377238,real price,181.137537557,predict ratio,0.00331936,real ratio,0.000452849
576,predict price,1099.28822531,real price,179.846058832,predict ratio,0.000859888,real ratio,-0.00712982
577,predict price,1107.0988364,real price,180.339418642,predict ratio,0.00710515,real ratio,0.00274323
578,predict price,1109.14999195,real price,177.824428368,predict ratio,0.00185273,real ratio,-0.0139459
579,predict price,1117.89108288,real price,178.614885459,predict ratio,0.00788089,real ratio,0.00444515
580,predict price,1121.55934378,real price,180.548048211,predict ratio,0.00328141,real ratio,0.0108231
581,predict price,1128.46026035,real price,181.063668736,predict ratio,0.00615297,real ratio,0.00285586
582,predict price,1133.65185816,real price,180.808274357,predict ratio,0.0046006,real ratio,-0.00141052
583,predict price,1142.63314364,real price,181.175236953,predict ratio,0.00792244,real ratio,0.00202957
584,predict price,1143.9727647,real price,180.409157341,predict ratio,0.0011724,real ratio,-0.00422839
585,predict price,1145.05329369,real price,180.27062315,predict ratio,0.000944541,real ratio,-0.000767889
586,predict price,1153.73540608,real price,179.255384491,predict ratio,0.00758228,real ratio,-0.00563175
587,predict price,1155.12832533,real price,178.637744279,predict ratio,0.00120731,real ratio,-0.00344559
588,predict price,1162.73909539,real price,180.201942717,predict ratio,0.00658868,real ratio,0.00875626
589,predict price,1170.40893388,real price,181.360420781,predict ratio,0.00659635,real ratio,0.00642878
590,predict price,1173.22744612,real price,181.173580248,predict ratio,0.00240814,real ratio,-0.00103022
591,predict price,1181.3439828,real price,181.067085396,predict ratio,0.00691813,real ratio,-0.000587806
592,predict price,1178.63899199,real price,179.246434106,predict ratio,-0.00228976,real ratio,-0.0100551
593,predict price,1190.29505913,real price,180.749257335,predict ratio,0.00988943,real ratio,0.00838412
594,predict price,1193.22779888,real price,180.575842252,predict ratio,0.00246388,real ratio,-0.000959423
595,predict price,1197.37550474,real price,180.055861599,predict ratio,0.00347604,real ratio,-0.00287957
596,predict price,1204.2551666,real price,182.099166167,predict ratio,0.00574562,real ratio,0.0113482
597,predict price,1199.66367988,real price,182.941818053,predict ratio,-0.00381272,real ratio,0.00462743
598,predict price,1204.22889219,real price,183.986381023,predict ratio,0.00380541,real ratio,0.00570981
599,predict price,1205.83385582,real price,184.318117613,predict ratio,0.00133277,real ratio,0.00180305
600,predict price,1210.15489425,real price,184.01817879,predict ratio,0.00358344,real ratio,-0.00162729
601,predict price,1201.87871293,real price,182.867719225,predict ratio,-0.00683894,real ratio,-0.00625188
602,predict price,1205.26595586,real price,182.295072116,predict ratio,0.00281829,real ratio,-0.00313148
603,predict price,1213.20701,real price,180.478654398,predict ratio,0.00658863,real ratio,-0.00996416
604,predict price,1216.26263028,real price,178.587677692,predict ratio,0.00251863,real ratio,-0.0104776
605,predict price,1223.46858616,real price,179.442696639,predict ratio,0.00592467,real ratio,0.00478767
606,predict price,1222.92432508,real price,174.094416268,predict ratio,-0.000444851,real ratio,-0.0298049
607,predict price,1243.24702772,real price,178.242860565,predict ratio,0.0166181,real ratio,0.0238287
608,predict price,1244.11512237,real price,178.605578087,predict ratio,0.000698248,real ratio,0.00203496
609,predict price,1247.96720209,real price,179.221929837,predict ratio,0.00309624,real ratio,0.00345091
610,predict price,1256.39806432,real price,180.411043723,predict ratio,0.00675568,real ratio,0.00663487
611,predict price,1263.48129095,real price,180.455450134,predict ratio,0.00563772,real ratio,0.00024614
612,predict price,1265.01661097,real price,180.505631679,predict ratio,0.00121515,real ratio,0.000278083
613,predict price,1278.61599712,real price,182.003979865,predict ratio,0.0107504,real ratio,0.00830084
614,predict price,1285.1146072,real price,182.05887815,predict ratio,0.00508253,real ratio,0.000301632
615,predict price,1292.74906175,real price,183.610939573,predict ratio,0.00594068,real ratio,0.00852505
616,predict price,1299.2043936,real price,183.057147962,predict ratio,0.00499349,real ratio,-0.00301611
617,predict price,1303.53990464,real price,183.929595851,predict ratio,0.00333705,real ratio,0.00476599
618,predict price,1311.35439724,real price,182.845446775,predict ratio,0.00599482,real ratio,-0.00589437
619,predict price,1319.7819496,real price,183.005666478,predict ratio,0.0064266,real ratio,0.000876258
620,predict price,1325.21506773,real price,182.122611694,predict ratio,0.00411668,real ratio,-0.00482529
621,predict price,1329.01852256,real price,181.707112647,predict ratio,0.00287007,real ratio,-0.00228142
622,predict price,1336.10635763,real price,184.581633936,predict ratio,0.00533313,real ratio,0.0158195
623,predict price,1338.93661517,real price,185.285510006,predict ratio,0.00211829,real ratio,0.00381336
624,predict price,1343.36202174,real price,184.670929898,predict ratio,0.00330517,real ratio,-0.00331694
625,predict price,1348.18207515,real price,184.582577251,predict ratio,0.00358805,real ratio,-0.000478433
626,predict price,1356.87872247,real price,185.011743348,predict ratio,0.00645065,real ratio,0.00232506
627,predict price,1361.99483932,real price,185.530550553,predict ratio,0.0037705,real ratio,0.00280419
628,predict price,1364.12474275,real price,185.997404567,predict ratio,0.00156381,real ratio,0.00251632
629,predict price,1372.82324585,real price,187.415993712,predict ratio,0.00637662,real ratio,0.00762693
630,predict price,1376.00703866,real price,187.876485864,predict ratio,0.00231916,real ratio,0.00245706
631,predict price,1379.80399224,real price,187.443442839,predict ratio,0.0027594,real ratio,-0.00230493
632,predict price,1390.61578816,real price,187.174139834,predict ratio,0.00783575,real ratio,-0.00143672
633,predict price,1399.07998405,real price,189.281649537,predict ratio,0.00608665,real ratio,0.0112596
634,predict price,1408.98819475,real price,192.269142593,predict ratio,0.00708195,real ratio,0.0157833
635,predict price,1409.37942602,real price,190.911226845,predict ratio,0.000277668,real ratio,-0.00706258
636,predict price,1413.17980212,real price,190.458269953,predict ratio,0.00269649,real ratio,-0.0023726
637,predict price,1419.9811438,real price,192.89314462,predict ratio,0.00481279,real ratio,0.0127843
638,predict price,1407.07482071,real price,191.193483577,predict ratio,-0.00908908,real ratio,-0.00881141
639,predict price,1422.61493152,real price,192.145092174,predict ratio,0.0110443,real ratio,0.0049772
640,predict price,1424.66059781,real price,190.52976874,predict ratio,0.00143796,real ratio,-0.00840679
641,predict price,1433.68590767,real price,189.454581416,predict ratio,0.00633506,real ratio,-0.00564315
642,predict price,1429.09957328,real price,184.503772882,predict ratio,-0.00319898,real ratio,-0.0261319
643,predict price,1441.63648351,real price,187.201001968,predict ratio,0.00877259,real ratio,0.0146188
644,predict price,1451.48702666,real price,185.93908919,predict ratio,0.00683289,real ratio,-0.00674095
645,predict price,1445.51990758,real price,183.72615457,predict ratio,-0.00411104,real ratio,-0.0119014
646,predict price,1467.62939682,real price,182.347255026,predict ratio,0.0152952,real ratio,-0.00750519
647,predict price,1460.86070001,real price,180.245877071,predict ratio,-0.00461199,real ratio,-0.011524
648,predict price,1461.85307245,real price,175.957356955,predict ratio,0.000679307,real ratio,-0.0237926
649,predict price,1467.46805508,real price,177.571380401,predict ratio,0.003841,real ratio,0.00917281
650,predict price,1459.93009501,real price,173.623317156,predict ratio,-0.00513671,real ratio,-0.0222337
651,predict price,1472.09829677,real price,171.198094562,predict ratio,0.00833478,real ratio,-0.0139683
652,predict price,1494.1899024,real price,178.015628803,predict ratio,0.0150069,real ratio,0.0398225
653,predict price,1488.34146987,real price,174.399647018,predict ratio,-0.00391412,real ratio,-0.0203127
654,predict price,1509.58612006,real price,179.011528652,predict ratio,0.014274,real ratio,0.0264443
655,predict price,1500.88339771,real price,178.342291853,predict ratio,-0.00576497,real ratio,-0.00373851
656,predict price,1518.05829481,real price,180.140912517,predict ratio,0.0114432,real ratio,0.0100852
657,predict price,1526.40089135,real price,181.284550108,predict ratio,0.00549557,real ratio,0.00634857
658,predict price,1531.40079183,real price,180.591752607,predict ratio,0.00327561,real ratio,-0.0038216
659,predict price,1549.17849868,real price,183.230551638,predict ratio,0.0116088,real ratio,0.014612
660,predict price,1549.28512337,real price,184.459125127,predict ratio,6.88266e-05,real ratio,0.00670507
661,predict price,1563.47920388,real price,193.359883476,predict ratio,0.0091617,real ratio,0.0482533
662,predict price,1569.30266841,real price,198.645856569,predict ratio,0.00372468,real ratio,0.0273375
663,predict price,1570.15486434,real price,199.527611401,predict ratio,0.000543041,real ratio,0.00443883
664,predict price,1581.43479362,real price,197.821346983,predict ratio,0.00718396,real ratio,-0.00855152
665,predict price,1594.28581545,real price,198.856844652,predict ratio,0.00812618,real ratio,0.00523451
666,predict price,1599.14163944,real price,197.680557965,predict ratio,0.00304577,real ratio,-0.00591524
667,predict price,1610.8765146,real price,201.728052689,predict ratio,0.00733823,real ratio,0.0204749
668,predict price,1613.3846403,real price,202.58732821,predict ratio,0.00155699,real ratio,0.00425957
669,predict price,1617.41950447,real price,204.893194265,predict ratio,0.00250087,real ratio,0.0113821
670,predict price,1625.50563023,real price,206.048152078,predict ratio,0.0049994,real ratio,0.00563688
671,predict price,1630.0736651,real price,199.957364541,predict ratio,0.00281022,real ratio,-0.02956
672,predict price,1648.49000338,real price,204.319155132,predict ratio,0.0112979,real ratio,0.0218136
673,predict price,1653.2138433,real price,203.667577384,predict ratio,0.00286556,real ratio,-0.00318902
674,predict price,1664.28203067,real price,203.810230098,predict ratio,0.00669495,real ratio,0.000700419
675,predict price,1672.60148921,real price,204.477591682,predict ratio,0.00499883,real ratio,0.00327443
676,predict price,1679.91876014,real price,205.067897799,predict ratio,0.00437478,real ratio,0.0028869
677,predict price,1690.90843662,real price,204.784709147,predict ratio,0.00654179,real ratio,-0.00138095
678,predict price,1700.21705333,real price,205.683191139,predict ratio,0.0055051,real ratio,0.00438745
679,predict price,1713.9504749,real price,207.217582092,predict ratio,0.00807745,real ratio,0.00745997
680,predict price,1713.224246,real price,208.078974434,predict ratio,-0.000423716,real ratio,0.00415695
681,predict price,1725.61094524,real price,208.752916455,predict ratio,0.00723005,real ratio,0.00323888
682,predict price,1733.51298251,real price,210.717658456,predict ratio,0.00457927,real ratio,0.00941181
683,predict price,1738.63471246,real price,211.109217138,predict ratio,0.00295454,real ratio,0.00185821
684,predict price,1750.99165223,real price,211.288177271,predict ratio,0.00710727,real ratio,0.000847713
685,predict price,1752.95207822,real price,209.847914122,predict ratio,0.00111961,real ratio,-0.00681658
686,predict price,1756.12278494,real price,205.126339385,predict ratio,0.00180878,real ratio,-0.0225
687,predict price,1760.36243209,real price,203.298267802,predict ratio,0.00241421,real ratio,-0.00891193
688,predict price,1776.15067284,real price,204.643344824,predict ratio,0.00896874,real ratio,0.00661627
689,predict price,1761.18263485,real price,201.436972104,predict ratio,-0.00842723,real ratio,-0.0156681
690,predict price,1766.52054082,real price,197.383587372,predict ratio,0.00303086,real ratio,-0.0201223
691,predict price,1778.57195581,real price,198.142361763,predict ratio,0.00682212,real ratio,0.00384416
692,predict price,1795.32902228,real price,202.740472829,predict ratio,0.00942164,real ratio,0.0232061
693,predict price,1818.62447614,real price,207.586316496,predict ratio,0.0129756,real ratio,0.0239017
694,predict price,1817.08115975,real price,207.74818131,predict ratio,-0.000848617,real ratio,0.000779747
695,predict price,1835.23544744,real price,208.863771516,predict ratio,0.00999091,real ratio,0.00536992
696,predict price,1847.70633687,real price,205.576224689,predict ratio,0.00679525,real ratio,-0.0157401
697,predict price,1854.47666493,real price,205.080759623,predict ratio,0.00366418,real ratio,-0.00241013
698,predict price,1826.9866158,real price,198.889931046,predict ratio,-0.0148236,real ratio,-0.0301873
699,predict price,1840.5394529,real price,198.915148362,predict ratio,0.00741814,real ratio,0.00012679
700,predict price,1858.56640351,real price,202.234492902,predict ratio,0.00979438,real ratio,0.0166872
701,predict price,1878.16854755,real price,202.595335239,predict ratio,0.0105469,real ratio,0.00178428
702,predict price,1873.43559674,real price,201.29926636,predict ratio,-0.00251998,real ratio,-0.00639733
703,predict price,1882.35966328,real price,197.862348284,predict ratio,0.00476348,real ratio,-0.0170737
704,predict price,1878.57186223,real price,201.546515585,predict ratio,-0.00201226,real ratio,0.0186199
705,predict price,1870.31821102,real price,198.665759035,predict ratio,-0.00439358,real ratio,-0.0142933
706,predict price,1890.0512191,real price,204.581152865,predict ratio,0.0105506,real ratio,0.0297756
707,predict price,1893.26088407,real price,203.570159315,predict ratio,0.00169819,real ratio,-0.00494177
708,predict price,1903.08005248,real price,204.141966604,predict ratio,0.00518638,real ratio,0.0028089
709,predict price,1921.88823438,real price,206.29459601,predict ratio,0.00988302,real ratio,0.0105448
710,predict price,1913.80646949,real price,205.785325848,predict ratio,-0.00420512,real ratio,-0.00246865
711,predict price,1927.08598667,real price,209.316854695,predict ratio,0.0069388,real ratio,0.0171612
712,predict price,1909.36583889,real price,209.63998609,predict ratio,-0.00919531,real ratio,0.00154374
713,predict price,1906.2609899,real price,207.407494087,predict ratio,-0.00162612,real ratio,-0.0106492
714,predict price,1930.38746957,real price,208.210559806,predict ratio,0.0126564,real ratio,0.00387192
715,predict price,1914.61056726,real price,206.839897363,predict ratio,-0.00817292,real ratio,-0.00658306
716,predict price,1934.81143081,real price,204.222427224,predict ratio,0.0105509,real ratio,-0.0126546
717,predict price,1961.51548617,real price,208.26179976,predict ratio,0.0138019,real ratio,0.0197793
718,predict price,1965.04489275,real price,206.210591903,predict ratio,0.00179933,real ratio,-0.00984918
719,predict price,1985.16659324,real price,207.905559275,predict ratio,0.0102398,real ratio,0.00821959
720,predict price,1986.36280874,real price,208.652783402,predict ratio,0.000602577,real ratio,0.00359406
721,predict price,1983.49673038,real price,207.954797509,predict ratio,-0.00144288,real ratio,-0.0033452
722,predict price,2005.74925966,real price,211.807456203,predict ratio,0.0112188,real ratio,0.0185264
723,predict price,2013.12925146,real price,211.025696348,predict ratio,0.00367942,real ratio,-0.0036909
724,predict price,2020.6930111,real price,211.894267335,predict ratio,0.00375722,real ratio,0.00411595
725,predict price,2027.90257873,real price,214.392645575,predict ratio,0.00356787,real ratio,0.0117907
726,predict price,2032.02857743,real price,215.16566219,predict ratio,0.00203461,real ratio,0.00360561
727,predict price,2037.59292436,real price,215.960974086,predict ratio,0.00273832,real ratio,0.00369628
728,predict price,2052.28523214,real price,217.546835111,predict ratio,0.00721062,real ratio,0.00734328
729,predict price,2058.4115724,real price,219.155566546,predict ratio,0.00298513,real ratio,0.00739487
730,predict price,2070.17755596,real price,218.940206956,predict ratio,0.00571605,real ratio,-0.000982679
731,predict price,2076.18170463,real price,221.30322606,predict ratio,0.00290031,real ratio,0.010793
732,predict price,2079.24478964,real price,221.446361954,predict ratio,0.00147535,real ratio,0.000646786
733,predict price,2081.32729768,real price,221.787301926,predict ratio,0.00100157,real ratio,0.00153961
734,predict price,2103.47975532,real price,221.6492279,predict ratio,0.0106434,real ratio,-0.000622552
735,predict price,2102.64841853,real price,220.335005279,predict ratio,-0.00039522,real ratio,-0.00592929
736,predict price,2105.97715319,real price,220.903292265,predict ratio,0.00158312,real ratio,0.0025792
737,predict price,2117.14877089,real price,223.485076335,predict ratio,0.00530472,real ratio,0.0116874
738,predict price,2100.92481851,real price,221.359320887,predict ratio,-0.00766311,real ratio,-0.00951185
739,predict price,2124.14087489,real price,219.881576861,predict ratio,0.0110504,real ratio,-0.00667577
740,predict price,2110.43652776,real price,220.569669115,predict ratio,-0.00645171,real ratio,0.00312938
741,predict price,2114.15763454,real price,223.721971913,predict ratio,0.00176319,real ratio,0.0142916
742,predict price,2132.73782421,real price,226.821861324,predict ratio,0.00878846,real ratio,0.013856
743,predict price,2125.55524878,real price,226.725386677,predict ratio,-0.00336777,real ratio,-0.000425332
744,predict price,2152.92880014,real price,228.974720869,predict ratio,0.0128783,real ratio,0.00992096
745,predict price,2148.29113865,real price,230.240878723,predict ratio,-0.00215412,real ratio,0.00552968
746,predict price,2163.82943412,real price,229.440758076,predict ratio,0.00723286,real ratio,-0.00347515
747,predict price,2168.43084363,real price,230.426304291,predict ratio,0.00212651,real ratio,0.00429543
748,predict price,2188.04521585,real price,232.713326435,predict ratio,0.00904542,real ratio,0.00992518
749,predict price,2192.37741331,real price,232.231390371,predict ratio,0.00197994,real ratio,-0.00207094
750,predict price,2197.83378659,real price,232.617196939,predict ratio,0.00248879,real ratio,0.0016613
751,predict price,2185.33788212,real price,229.376656455,predict ratio,-0.00568555,real ratio,-0.0139308
752,predict price,2191.71789617,real price,227.191538934,predict ratio,0.00291946,real ratio,-0.00952633
753,predict price,2211.77199921,real price,228.67314839,predict ratio,0.00914995,real ratio,0.00652141
754,predict price,2235.58815625,real price,226.265124601,predict ratio,0.0107679,real ratio,-0.0105304
755,predict price,2233.68999368,real price,224.237132198,predict ratio,-0.000849066,real ratio,-0.0089629
756,predict price,2239.96231991,real price,227.511472016,predict ratio,0.00280806,real ratio,0.0146021
757,predict price,2253.1420373,real price,231.372482653,predict ratio,0.0058839,real ratio,0.0169706
758,predict price,2258.26554399,real price,233.130953415,predict ratio,0.00227394,real ratio,0.00760017
759,predict price,2266.2925461,real price,234.873387211,predict ratio,0.0035545,real ratio,0.00747406
760,predict price,2272.57070232,real price,234.518918245,predict ratio,0.00277023,real ratio,-0.00150919
761,predict price,2286.59688586,real price,234.493355798,predict ratio,0.00617195,real ratio,-0.000109
762,predict price,2289.127126,real price,234.53127381,predict ratio,0.00110655,real ratio,0.000161702
763,predict price,2301.4220356,real price,234.072783411,predict ratio,0.005371,real ratio,-0.00195492
764,predict price,2311.75604257,real price,234.261384101,predict ratio,0.00449027,real ratio,0.000805735
765,predict price,2317.22144793,real price,231.517873435,predict ratio,0.00236418,real ratio,-0.0117113
766,predict price,2313.01927646,real price,231.301225378,predict ratio,-0.00181345,real ratio,-0.000935772
767,predict price,2337.52253265,real price,234.536105623,predict ratio,0.0105936,real ratio,0.0139856
768,predict price,2336.75845793,real price,237.184453323,predict ratio,-0.000326874,real ratio,0.0112919
769,predict price,2345.30715912,real price,237.817647308,predict ratio,0.00365836,real ratio,0.00266963
770,predict price,2353.22505283,real price,235.843126755,predict ratio,0.00337606,real ratio,-0.00830267
771,predict price,2369.05984123,real price,235.410566932,predict ratio,0.00672897,real ratio,-0.0018341
772,predict price,2381.14335192,real price,236.301502134,predict ratio,0.00510055,real ratio,0.0037846
773,predict price,2394.38136347,real price,229.952605164,predict ratio,0.00555952,real ratio,-0.0268678
774,predict price,2405.19401044,real price,227.266454522,predict ratio,0.00451584,real ratio,-0.0116813
775,predict price,2430.26905285,real price,228.293692114,predict ratio,0.0104254,real ratio,0.00451997
776,predict price,2457.11273155,real price,231.141247223,predict ratio,0.0110456,real ratio,0.0124732
777,predict price,2452.41812878,real price,231.187540327,predict ratio,-0.00191062,real ratio,0.000200281
778,predict price,2458.80593239,real price,232.83538618,predict ratio,0.0026047,real ratio,0.00712775
779,predict price,2464.48741229,real price,230.544337708,predict ratio,0.00231067,real ratio,-0.00983978
780,predict price,2495.74100464,real price,232.460761796,predict ratio,0.0126816,real ratio,0.00831261
781,predict price,2503.64255642,real price,234.314395835,predict ratio,0.00316601,real ratio,0.00797397
782,predict price,2513.14527143,real price,235.917835366,predict ratio,0.00379556,real ratio,0.00684311
783,predict price,2520.80993721,real price,237.922612175,predict ratio,0.00304983,real ratio,0.00849778
784,predict price,2524.15620377,real price,237.996929635,predict ratio,0.00132746,real ratio,0.00031236
785,predict price,2533.16834339,real price,238.721904501,predict ratio,0.00357036,real ratio,0.00304615
786,predict price,2536.33555811,real price,240.760733817,predict ratio,0.0012503,real ratio,0.0085406
787,predict price,2527.97293094,real price,241.174219617,predict ratio,-0.00329713,real ratio,0.00171741
788,predict price,2551.44656084,real price,242.103463998,predict ratio,0.00928555,real ratio,0.003853
789,predict price,2558.70098874,real price,242.241169876,predict ratio,0.00284326,real ratio,0.000568789
790,predict price,2554.95676631,real price,242.320319121,predict ratio,-0.00146333,real ratio,0.000326737
791,predict price,2567.94711251,real price,242.006022987,predict ratio,0.00508437,real ratio,-0.00129703
792,predict price,2582.71005931,real price,241.185171692,predict ratio,0.00574893,real ratio,-0.00339186
793,predict price,2608.25906398,real price,241.358103591,predict ratio,0.00989232,real ratio,0.000717009
794,predict price,2609.07170045,real price,241.036628811,predict ratio,0.000311563,real ratio,-0.00133194
795,predict price,2610.35978861,real price,240.992912659,predict ratio,0.000493696,real ratio,-0.000181367
796,predict price,2617.1396721,real price,236.741516628,predict ratio,0.0025973,real ratio,-0.0176412
797,predict price,2632.52301571,real price,236.15318925,predict ratio,0.00587792,real ratio,-0.0024851
798,predict price,2659.51374726,real price,240.118589433,predict ratio,0.0102528,real ratio,0.0167916
799,predict price,2666.1877695,real price,240.402606379,predict ratio,0.00250949,real ratio,0.00118282
800,predict price,2665.51593721,real price,240.175351407,predict ratio,-0.000251982,real ratio,-0.00094531
801,predict price,2667.87404123,real price,238.645677206,predict ratio,0.000884671,real ratio,-0.00636899
802,predict price,2689.29069703,real price,238.190131866,predict ratio,0.00802761,real ratio,-0.00190888
803,predict price,2705.71332042,real price,235.498919365,predict ratio,0.00610667,real ratio,-0.0112986
804,predict price,2738.97665193,real price,237.659670808,predict ratio,0.0122937,real ratio,0.00917521
805,predict price,2733.27269058,real price,240.651282254,predict ratio,-0.00208252,real ratio,0.0125878
806,predict price,2752.17759941,real price,245.142311571,predict ratio,0.00691658,real ratio,0.018662
807,predict price,2747.64688722,real price,245.832750702,predict ratio,-0.00164623,real ratio,0.00281648
808,predict price,2745.23770137,real price,244.694428106,predict ratio,-0.000876818,real ratio,-0.00463048
809,predict price,2752.09490355,real price,243.925760086,predict ratio,0.00249785,real ratio,-0.00314134
810,predict price,2768.84367707,real price,236.90229989,predict ratio,0.00608583,real ratio,-0.0287934
811,predict price,2760.07269227,real price,238.384047412,predict ratio,-0.00316774,real ratio,0.00625468
812,predict price,2764.11107374,real price,239.486568762,predict ratio,0.00146314,real ratio,0.00462498
813,predict price,2789.30669342,real price,241.762293744,predict ratio,0.00911527,real ratio,0.00950252
814,predict price,2791.84916291,real price,236.927862151,predict ratio,0.000911506,real ratio,-0.0199966
815,predict price,2818.38228296,real price,240.043420293,predict ratio,0.00950378,real ratio,0.0131498
816,predict price,2818.32860533,real price,232.516373034,predict ratio,-1.90455e-05,real ratio,-0.031357
817,predict price,2830.41312871,real price,233.904798041,predict ratio,0.00428783,real ratio,0.0059713
818,predict price,2841.6453532,real price,233.013379632,predict ratio,0.0039684,real ratio,-0.00381103
819,predict price,2881.51275678,real price,236.664575946,predict ratio,0.0140297,real ratio,0.0156695
820,predict price,2900.4894722,real price,240.146383487,predict ratio,0.00658568,real ratio,0.014712
821,predict price,2908.15940533,real price,241.065251044,predict ratio,0.00264436,real ratio,0.00382628
822,predict price,2920.62890778,real price,242.676674453,predict ratio,0.00428776,real ratio,0.00668459
823,predict price,2933.72068745,real price,243.275125565,predict ratio,0.00448252,real ratio,0.00246604
824,predict price,2938.94979102,real price,245.525771232,predict ratio,0.00178241,real ratio,0.00925144
825,predict price,2933.30156687,real price,242.600700464,predict ratio,-0.00192185,real ratio,-0.0119135
826,predict price,2947.49163155,real price,243.664222473,predict ratio,0.00483757,real ratio,0.00438384
827,predict price,2951.98768373,real price,242.021806565,predict ratio,0.00152538,real ratio,-0.00674049
828,predict price,2951.52712066,real price,239.731356281,predict ratio,-0.000156018,real ratio,-0.00946382
829,predict price,2961.1566189,real price,239.481506945,predict ratio,0.00326255,real ratio,-0.00104221
830,predict price,2990.74461083,real price,239.175447862,predict ratio,0.00999204,real ratio,-0.00127801
831,predict price,3014.89846602,real price,241.766182183,predict ratio,0.0080762,real ratio,0.0108319
832,predict price,3017.72121305,real price,242.50139587,predict ratio,0.000936266,real ratio,0.00304101
833,predict price,3030.10054917,real price,242.063981254,predict ratio,0.00410221,real ratio,-0.00180376
834,predict price,3039.97511462,real price,241.737076458,predict ratio,0.00325882,real ratio,-0.00135049
835,predict price,3048.05988489,real price,242.840909373,predict ratio,0.00265949,real ratio,0.00456625
836,predict price,3059.75878123,real price,243.434390671,predict ratio,0.00383815,real ratio,0.00244391
837,predict price,3060.48336042,real price,244.142638355,predict ratio,0.000236809,real ratio,0.0029094
838,predict price,3067.15005176,real price,245.133706534,predict ratio,0.00217831,real ratio,0.00405938
839,predict price,3096.18305113,real price,244.097748762,predict ratio,0.00946579,real ratio,-0.00422609
840,predict price,3094.88429662,real price,240.234023099,predict ratio,-0.00041947,real ratio,-0.0158286
841,predict price,3115.96160636,real price,242.622857714,predict ratio,0.00681037,real ratio,0.00994378
842,predict price,3124.45199677,real price,241.726354458,predict ratio,0.00272481,real ratio,-0.00369505
843,predict price,3145.16367318,real price,242.913938234,predict ratio,0.0066289,real ratio,0.00491293
844,predict price,3159.91395432,real price,242.138919853,predict ratio,0.00468983,real ratio,-0.00319051
845,predict price,3169.92057675,real price,238.229729457,predict ratio,0.00316674,real ratio,-0.0161444
846,predict price,3180.47696353,real price,236.001931168,predict ratio,0.00333017,real ratio,-0.00935147
847,predict price,3165.60516216,real price,228.960938245,predict ratio,-0.00467597,real ratio,-0.0298345
848,predict price,3141.89671428,real price,218.415750668,predict ratio,-0.00748939,real ratio,-0.0460567
849,predict price,3115.39166783,real price,209.769201366,predict ratio,-0.008436,real ratio,-0.0395876
850,predict price,3139.08701099,real price,216.485544432,predict ratio,0.0076059,real ratio,0.0320178
851,predict price,3183.54187918,real price,218.813452638,predict ratio,0.0141617,real ratio,0.0107532
852,predict price,3210.51778927,real price,225.432607638,predict ratio,0.00847355,real ratio,0.0302502
853,predict price,3198.78686412,real price,222.53652746,predict ratio,-0.0036539,real ratio,-0.0128468
854,predict price,3201.12388059,real price,213.998233188,predict ratio,0.000730595,real ratio,-0.0383681
855,predict price,3193.25388257,real price,213.170203245,predict ratio,-0.00245851,real ratio,-0.00386933
856,predict price,3234.40873005,real price,214.19497893,predict ratio,0.0128881,real ratio,0.00480731
857,predict price,3244.76382079,real price,209.597926098,predict ratio,0.00320154,real ratio,-0.021462
858,predict price,3237.50934093,real price,205.297153944,predict ratio,-0.00223575,real ratio,-0.0205192
859,predict price,3304.82729555,real price,221.123229101,predict ratio,0.0207931,real ratio,0.0770886
860,predict price,3247.46897492,real price,215.575971433,predict ratio,-0.0173559,real ratio,-0.0250867
861,predict price,3283.89417085,real price,215.158965351,predict ratio,0.0112165,real ratio,-0.00193438
862,predict price,3312.19756298,real price,211.642277048,predict ratio,0.00861885,real ratio,-0.0163446
863,predict price,3335.23190928,real price,212.358301634,predict ratio,0.0069544,real ratio,0.00338318
864,predict price,3368.79078838,real price,214.067856234,predict ratio,0.0100619,real ratio,0.00805033
865,predict price,3385.66089243,real price,217.138640001,predict ratio,0.00500776,real ratio,0.0143449
866,predict price,3386.40075208,real price,212.873461864,predict ratio,0.000218527,real ratio,-0.0196426
867,predict price,3379.6557221,real price,207.002359349,predict ratio,-0.0019918,real ratio,-0.0275802
868,predict price,3376.28312263,real price,210.638714924,predict ratio,-0.000997912,real ratio,0.0175667
869,predict price,3392.93272892,real price,207.865615265,predict ratio,0.00493134,real ratio,-0.0131652
870,predict price,3376.90766949,real price,199.451268016,predict ratio,-0.00472307,real ratio,-0.0404797
871,predict price,3424.56610467,real price,204.838547691,predict ratio,0.014113,real ratio,0.0270105
872,predict price,3443.03099222,real price,208.776360722,predict ratio,0.00539189,real ratio,0.019224
873,predict price,3441.17669548,real price,208.808296524,predict ratio,-0.000538565,real ratio,0.000152967
874,predict price,3476.44209792,real price,212.111028934,predict ratio,0.0102481,real ratio,0.0158171
875,predict price,3510.41133522,real price,214.238671159,predict ratio,0.00977127,real ratio,0.0100308
876,predict price,3516.20695322,real price,215.851175961,predict ratio,0.00165098,real ratio,0.00752667
877,predict price,3538.38975595,real price,213.70938347,predict ratio,0.00630873,real ratio,-0.00992254
878,predict price,3571.66461466,real price,217.214038645,predict ratio,0.00940396,real ratio,0.0163992
879,predict price,3585.92097887,real price,214.81167496,predict ratio,0.00399152,real ratio,-0.0110599
880,predict price,3617.09829028,real price,210.76229351,predict ratio,0.00869437,real ratio,-0.0188508
881,predict price,3628.84914718,real price,213.187872803,predict ratio,0.0032487,real ratio,0.0115086
882,predict price,3655.45134024,real price,215.483868183,predict ratio,0.00733075,real ratio,0.0107698
883,predict price,3669.07283868,real price,213.592293338,predict ratio,0.00372635,real ratio,-0.00877827
884,predict price,3697.80471857,real price,214.486656783,predict ratio,0.00783083,real ratio,0.00418725
885,predict price,3711.60255473,real price,218.575957981,predict ratio,0.00373136,real ratio,0.0190655
886,predict price,3710.70623953,real price,217.181044553,predict ratio,-0.00024149,real ratio,-0.00638182
887,predict price,3759.63600359,real price,221.768686669,predict ratio,0.0131861,real ratio,0.0211236
888,predict price,3776.69843137,real price,223.203749911,predict ratio,0.00453832,real ratio,0.00647099
889,predict price,3785.28578922,real price,221.200146583,predict ratio,0.00227377,real ratio,-0.00897657
890,predict price,3801.79988918,real price,222.684241014,predict ratio,0.00436271,real ratio,0.00670928
891,predict price,3829.38657885,real price,223.069357313,predict ratio,0.00725622,real ratio,0.00172943
892,predict price,3838.55633461,real price,224.805647886,predict ratio,0.00239458,real ratio,0.00778364
893,predict price,3838.99930113,real price,220.095163337,predict ratio,0.000115399,real ratio,-0.0209536
894,predict price,3894.16587479,real price,222.965680971,predict ratio,0.01437,real ratio,0.0130422
895,predict price,3896.59603776,real price,225.198057777,predict ratio,0.000624052,real ratio,0.0100122
896,predict price,3906.36480855,real price,226.955562209,predict ratio,0.002507,real ratio,0.00780426
897,predict price,3925.10660001,real price,231.398411755,predict ratio,0.00479776,real ratio,0.0195759
898,predict price,3901.05073163,real price,231.73438191,predict ratio,-0.00612872,real ratio,0.00145191
899,predict price,3915.72964988,real price,231.971530538,predict ratio,0.00376281,real ratio,0.00102336
900,predict price,3931.49002103,real price,232.046676303,predict ratio,0.00402489,real ratio,0.000323944
901,predict price,3920.64448157,real price,230.858517281,predict ratio,-0.00275863,real ratio,-0.00512034
902,predict price,3914.89253921,real price,228.464505581,predict ratio,-0.00146709,real ratio,-0.01037
903,predict price,3962.83076064,real price,231.255759032,predict ratio,0.0122451,real ratio,0.0122174
904,predict price,3975.03152278,real price,231.474270776,predict ratio,0.0030788,real ratio,0.000944892
905,predict price,4016.13886305,real price,233.955576579,predict ratio,0.0103414,real ratio,0.0107196
906,predict price,4026.5054763,real price,234.19118365,predict ratio,0.00258124,real ratio,0.00100706
907,predict price,4047.08478655,real price,234.722242893,predict ratio,0.00511096,real ratio,0.00226763
908,predict price,4049.74913986,real price,233.81149737,predict ratio,0.000658339,real ratio,-0.0038801
909,predict price,4073.54731029,real price,234.239823643,predict ratio,0.00587646,real ratio,0.00183193
910,predict price,4092.76949735,real price,232.63217359,predict ratio,0.00471878,real ratio,-0.00686327
911,predict price,4109.8777891,real price,235.753138815,predict ratio,0.00418013,real ratio,0.0134159
912,predict price,4134.05023995,real price,234.878217509,predict ratio,0.00588155,real ratio,-0.00371118
913,predict price,4141.10605769,real price,234.899063212,predict ratio,0.00170676,real ratio,8.87511e-05
914,predict price,4132.9524962,real price,229.769662984,predict ratio,-0.00196893,real ratio,-0.0218366
915,predict price,4215.94287584,real price,232.051163112,predict ratio,0.0200802,real ratio,0.00992951
916,predict price,4217.89037947,real price,229.629702295,predict ratio,0.000461938,real ratio,-0.010435
917,predict price,4221.84935393,real price,227.373419686,predict ratio,0.000938615,real ratio,-0.00982574
918,predict price,4239.70945988,real price,224.375089691,predict ratio,0.0042304,real ratio,-0.0131868
919,predict price,4277.50188009,real price,226.541846332,predict ratio,0.00891392,real ratio,0.00965685
920,predict price,4243.43254817,real price,222.453350414,predict ratio,-0.00796477,real ratio,-0.0180474
921,predict price,4288.85081791,real price,218.712858396,predict ratio,0.0107032,real ratio,-0.0168147
922,predict price,4341.85488299,real price,224.414664045,predict ratio,0.0123586,real ratio,0.0260698
923,predict price,4369.9288147,real price,227.99177262,predict ratio,0.00646588,real ratio,0.0159397
924,predict price,4344.91978722,real price,223.671213352,predict ratio,-0.00572298,real ratio,-0.0189505
925,predict price,4322.0730842,real price,222.837385247,predict ratio,-0.00525826,real ratio,-0.00372792
926,predict price,4362.35918562,real price,222.491981609,predict ratio,0.00932101,real ratio,-0.00155003
927,predict price,4405.49939702,real price,222.334718495,predict ratio,0.00988919,real ratio,-0.000706826
928,predict price,4434.84338106,real price,223.617373473,predict ratio,0.00666076,real ratio,0.00576903
929,predict price,4467.71530178,real price,224.223831584,predict ratio,0.00741219,real ratio,0.00271203
